bg,beta_1,tau_1,beta_2,tau_2
0.013337008126887841,0.3903751716755508,10.436106396746075,0.5194239916604246,52.356258422909136
