parameter,mode,hpd_min,hpd_max
auto_tau,12.483095926843749,12.585827587530598,13.195232198254805
auto_beta,0.734941186436705,-0.2954801347962105,0.9546687393130651
gfp_tau,17.62445358797431,17.317012354877264,17.912808389179155
gfp_beta,0.46600858551842333,0.46233307613091007,0.4695949120764106
bg,0.38373906893729753,0.3823804125337089,0.38510235159836653
sigma,0.012067187104329781,0.011523753796646547,0.012606691990493928
