parameter,mode,hpd_min,hpd_max
tau_1,62.55793955781482,56.54179915554865,69.61106682614263
tau_2,10.806014119776618,10.45787500316021,11.108316167069672
beta_1,0.3183186792030347,0.3138940455611928,0.32536098921943013
beta_2,0.4352152178813561,0.42102556658732737,0.44876509813458204
bg,0.16662287970726758,0.1547771356175736,0.1764452830643417
sigma,0.004165667770958098,0.00401644492504592,0.0043746751857740365
