parameter,mode,hpd_min,hpd_max
tau_1,0.038752529358383234,0.01644327625400509,0.07824113215714408
tau_2,50.16201167320956,20.597916202527195,56.79060634172294
beta_1,0.1264320494674291,0.07235346088317904,0.1712510554518785
beta_2,0.8159960919279305,0.40488580873783964,0.8808944017811833
bg,0.06481007046153393,0.00118193816447729,0.4718312349895628
sigma,0.025095800050083363,0.022838280789679376,0.027745851787584964
