area,exposure_ms,au_per_channel
5.011074509803923,25.0,787.8793796667143
4.938320000000003,25.0,754.3227843792029
5.609781132075472,25.0,841.9439385057283
5.026953846153845,25.0,728.3512531654981
5.650395628415304,25.0,799.3448507003616
