bg,beta_1,tau_1,beta_2,tau_2
0.05609094624414442,0.4718245512714605,68.42487158523159,0.37054274244718804,16.524976044079082
