bg,beta_1,tau_1,beta_2,tau_2
2.1917938625888933e-15,0.564996718274284,119.39863134303693,0.32685788179153064,14.484909609731881
